term,meaning,rule,de,es,fr
station,A surveyed point in the cave; shots run between stations,translate,,,
shot,One measured leg between two stations (length + compass + clino),translate,,,
leg,Same as shot; a centreline measurement,translate,,,
splay,A shot from a station to the wall that is not part of the centreline,local term,,,
LRUD,"Left, Right, Up, Down: distances from a station to the walls",keep abbreviation unless the local tradition has its own,,,
survey trip,One trip underground that produced a set of shots,translate,,,
run,A connected sequence of shots within a trip,translate,,,
tie-in,Connecting new survey to an existing station,local term,,,
loop closure,Adjusting a survey so a loop that returns to its start closes,local term,,,
declination,Angle between magnetic and true north,translate,,,
inclination,Vertical angle of a shot (clino reading),translate,,,
bearing,Horizontal compass direction of a shot (azimuth),translate,,,
backsight,A reading taken in the reverse direction to check the foresight,local term,,,
plan,Map view from above,translate,,,
profile,Side view of the cave,translate,,,
extended elevation,Profile unrolled along the passage so no part overlaps,local term,,,
cross section,A slice across the passage at a station,translate,,,
passage,A traversable part of the cave,translate,,,
pitch,A vertical drop that needs rope,local term,,,
ledge,A shelf on a wall or pitch,translate,,,
flowstone,Sheet deposit of calcite,local term,,,
rimstone,Dams of calcite around pools (gours),local term,,,
datum,The reference elevation the survey is measured from,translate,,,
entrance,Where the cave opens to the surface,translate,,,
sketch,The hand-drawn passage outline from the survey trip,translate,,,
scan,An image of a paper sketch or notebook page,translate,,,
layer,A drawing layer in CaveCAD,translate (UI only; layer NAMES in drawings are never translated),,,
NSS,National Speleological Society (US); name of the drawing standard,keep,,,
UIS,International Union of Speleology; name of the symbol standard,keep,,,
Therion,Name of a cave-survey program,keep,,,
DXF,File format,keep,,,
